[
  {
    "value": "@Option:Option",
    "synonyms": [
      "@Option:Option"
    ]
  },
  {
    "value": "@German_Bundeskanzler:German_Bundeskanzler",
    "synonyms": [
      "@German_Bundeskanzler:German_Bundeskanzler"
    ]
  },
  {
    "value": "@German_Party:German_Party",
    "synonyms": [
      "@German_Party:German_Party"
    ]
  },
  {
    "value": "@US_President:US_President",
    "synonyms": [
      "@US_President:US_President"
    ]
  },
  {
    "value": "@US_Party:US_Party",
    "synonyms": [
      "@US_Party:US_Party"
    ]
  }
]