[
  {
    "value": "Angela Merkel",
    "synonyms": [
      "Merkel"
    ]
  },
  {
    "value": "Gerhard Schröder",
    "synonyms": [
      "Gerhard Schröder",
      "Schröder"
    ]
  },
  {
    "value": "Helmut Kohl",
    "synonyms": [
      "Helmut Kohl",
      "Kohl"
    ]
  },
  {
    "value": "Helmut Schmidt",
    "synonyms": [
      "Helmut Schmidt",
      "Schmidt"
    ]
  },
  {
    "value": "Konrad Adenauer",
    "synonyms": [
      "Konrad Adenauer",
      "Adenauer"
    ]
  },
  {
    "value": "Kurt Georg Kiesinger",
    "synonyms": [
      "Kurt Georg Kiesinger",
      "Kiesinger"
    ]
  },
  {
    "value": "Ludwig Erhard",
    "synonyms": [
      "Ludwig Erhard",
      "Erhard"
    ]
  },
  {
    "value": "Willy Brandt",
    "synonyms": [
      "Willy Brandt",
      "Brandt"
    ]
  }
]