[
  {
    "value": "George Washington",
    "synonyms": [
      "George Washington",
      "Washington"
    ]
  },
  {
    "value": "John Adams",
    "synonyms": [
      "John Adams"
    ]
  },
  {
    "value": "Thomas Jefferson",
    "synonyms": [
      "Thomas Jefferson",
      "Jefferson"
    ]
  },
  {
    "value": "James Madison",
    "synonyms": [
      "James Madison",
      "Madison"
    ]
  },
  {
    "value": "James Monroe",
    "synonyms": [
      "James Monroe",
      "Monroe"
    ]
  },
  {
    "value": "John Quincy Adams",
    "synonyms": [
      "John Quincy Adams"
    ]
  },
  {
    "value": "Andrew Jackson",
    "synonyms": [
      "Andrew Jackson",
      "Jackson"
    ]
  },
  {
    "value": "Martin Van Buren",
    "synonyms": [
      "Martin Van Buren",
      "Van Buren"
    ]
  },
  {
    "value": "William Henry Harrison",
    "synonyms": [
      "William Henry Harrison"
    ]
  },
  {
    "value": "John Tyler",
    "synonyms": [
      "John Tyler",
      "Tyler"
    ]
  },
  {
    "value": "James K. Polk",
    "synonyms": [
      "James K. Polk",
      "Polk",
      "James Polk"
    ]
  },
  {
    "value": "Zachary Taylor",
    "synonyms": [
      "Zachary Taylor",
      "Taylor"
    ]
  },
  {
    "value": "Millard Fillmore",
    "synonyms": [
      "Millard Fillmore",
      "Fillmore"
    ]
  },
  {
    "value": "Franklin Pierce",
    "synonyms": [
      "Franklin Pierce",
      "Pierce"
    ]
  },
  {
    "value": "James Buchanan",
    "synonyms": [
      "James Buchanan",
      "Buchanan"
    ]
  },
  {
    "value": "Abraham Lincoln",
    "synonyms": [
      "Abraham Lincoln",
      "Lincoln"
    ]
  },
  {
    "value": "Andrew Johnson",
    "synonyms": [
      "Andrew Johnson"
    ]
  },
  {
    "value": "Ulysses S. Grant",
    "synonyms": [
      "Ulysses S. Grant",
      "Grant",
      "Ulysses Grant"
    ]
  },
  {
    "value": "Rutherford B. Hayes",
    "synonyms": [
      "Rutherford B. Hayes",
      "Hayes",
      "Rutherford Hayes"
    ]
  },
  {
    "value": "James A. Garfield",
    "synonyms": [
      "James A. Garfield",
      "Garfield",
      "James Garfield"
    ]
  },
  {
    "value": "Chester A. Arthur",
    "synonyms": [
      "Chester A. Arthur",
      "Arthur",
      "Chester Arthur"
    ]
  },
  {
    "value": "Grover Cleveland",
    "synonyms": [
      "Grover Cleveland",
      "Cleveland"
    ]
  },
  {
    "value": "Benjamin Harrison",
    "synonyms": [
      "Benjamin Harrison"
    ]
  },
  {
    "value": "William McKinley",
    "synonyms": [
      "William McKinley",
      "McKinley"
    ]
  },
  {
    "value": "Theodore Roosevelt",
    "synonyms": [
      "Theodore Roosevelt"
    ]
  },
  {
    "value": "William Howard Taft",
    "synonyms": [
      "William Howard Taft",
      "Taft",
      "William Taft"
    ]
  },
  {
    "value": "Woodrow Wilson",
    "synonyms": [
      "Woodrow Wilson",
      "Wilson"
    ]
  },
  {
    "value": "Warren G. Harding",
    "synonyms": [
      "Warren G. Harding",
      "Warren Harding",
      "Harding"
    ]
  },
  {
    "value": "Calvin Coolidge",
    "synonyms": [
      "Calvin Coolidge",
      "Coolidge"
    ]
  },
  {
    "value": "Herbert Hoover",
    "synonyms": [
      "Herbert Hoover",
      "Hoover"
    ]
  },
  {
    "value": "Franklin D. Roosevelt",
    "synonyms": [
      "Franklin D. Roosevelt",
      "Franklin Roosevelt"
    ]
  },
  {
    "value": "Harry S. Truman",
    "synonyms": [
      "Harry S. Truman",
      "Harry Truman",
      "Truman"
    ]
  },
  {
    "value": "Dwight D. Eisenhower",
    "synonyms": [
      "Dwight D. Eisenhower",
      "Eisenhower",
      "Dwight Eisenhower"
    ]
  },
  {
    "value": "John F. Kennedy",
    "synonyms": [
      "John F. Kennedy",
      "John Kennedy",
      "Kennedy",
      "JFK"
    ]
  },
  {
    "value": "Lyndon B. Johnson",
    "synonyms": [
      "Lyndon B. Johnson",
      "Johnson"
    ]
  },
  {
    "value": "Richard Nixon",
    "synonyms": [
      "Richard Nixon",
      "Nixon"
    ]
  },
  {
    "value": "Gerald Ford",
    "synonyms": [
      "Gerald Ford",
      "Ford"
    ]
  },
  {
    "value": "Jimmy Carter",
    "synonyms": [
      "Jimmy Carter",
      "Carter"
    ]
  },
  {
    "value": "Ronald Reagan",
    "synonyms": [
      "Ronald Reagan",
      "Reagan"
    ]
  },
  {
    "value": "George H. W. Bush",
    "synonyms": [
      "George H. W. Bush",
      "H. W. Bush"
    ]
  },
  {
    "value": "Bill Clinton",
    "synonyms": [
      "Bill Clinton",
      "Clinton"
    ]
  },
  {
    "value": "George W. Bush",
    "synonyms": [
      "George W. Bush",
      "George Bush",
      "Bush"
    ]
  },
  {
    "value": "Barack Obama",
    "synonyms": [
      "Barack Obama",
      "Obama"
    ]
  },
  {
    "value": "Donald Trump",
    "synonyms": [
      "Donald Trump",
      "Trump"
    ]
  }
]