[
  {
    "id": "a9d9ae46-4393-4a6b-b833-27eeb2ef6e44",
    "data": [
      {
        "text": "Debug ",
        "userDefined": false
      },
      {
        "text": "Alpha",
        "alias": "DebugMode",
        "meta": "@DebugMode",
        "userDefined": false
      }
    ],
    "isTemplate": false,
    "count": 0,
    "updated": 1546784549
  },
  {
    "id": "b2eb68fb-4ecc-4ea7-9e28-ad4ced2e6887",
    "data": [
      {
        "text": "Debug Modus ",
        "userDefined": false
      },
      {
        "text": "Alpha",
        "alias": "DebugMode",
        "meta": "@DebugMode",
        "userDefined": false
      }
    ],
    "isTemplate": false,
    "count": 0,
    "updated": 1546784549
  },
  {
    "id": "c62af532-0039-44ed-9ecf-42ce7941a409",
    "data": [
      {
        "text": "Debug-Modus ",
        "userDefined": false
      },
      {
        "text": "Alpha",
        "alias": "DebugMode",
        "meta": "@DebugMode",
        "userDefined": false
      }
    ],
    "isTemplate": false,
    "count": 1,
    "updated": 1546780496
  }
]