[
  {
    "id": "12792c7d-f8d7-4d1c-acec-703e164a55f5",
    "data": [
      {
        "text": "Bitte?",
        "userDefined": false
      }
    ],
    "isTemplate": false,
    "count": 0,
    "updated": 1546791125
  },
  {
    "id": "292e3ba1-e130-4ddb-94d6-616b5d113fb7",
    "data": [
      {
        "text": "Wiederholen bitte",
        "userDefined": false
      }
    ],
    "isTemplate": false,
    "count": 0,
    "updated": 1546780269
  },
  {
    "id": "7b87e7ed-3e1e-4d58-9d62-abd15800c9fe",
    "data": [
      {
        "text": "Bitte wiederholen",
        "userDefined": false
      }
    ],
    "isTemplate": false,
    "count": 0,
    "updated": 1546780269
  },
  {
    "id": "a9f1f20d-441f-43fd-995c-9c91edbf8dfc",
    "data": [
      {
        "text": "Wiederholen",
        "userDefined": false
      }
    ],
    "isTemplate": false,
    "count": 0,
    "updated": 1546780269
  },
  {
    "id": "336decc9-63a7-4f38-b38b-064c327f9f00",
    "data": [
      {
        "text": "Was?",
        "userDefined": false
      }
    ],
    "isTemplate": false,
    "count": 0,
    "updated": 1546780269
  },
  {
    "id": "d9790ca4-0e3b-447c-b373-8d149018eeae",
    "data": [
      {
        "text": "Das habe ich nicht verstanden",
        "userDefined": false
      }
    ],
    "isTemplate": false,
    "count": 0,
    "updated": 1546780269
  },
  {
    "id": "16f40bd4-c70d-48ac-98cb-8a28348aae23",
    "data": [
      {
        "text": "Ich habe die Frage nicht verstanden",
        "userDefined": false
      }
    ],
    "isTemplate": false,
    "count": 0,
    "updated": 1546780269
  },
  {
    "id": "9f327a52-a0d5-4c72-99da-2b3cd90df6de",
    "data": [
      {
        "text": "Wie bitte?",
        "userDefined": false
      }
    ],
    "isTemplate": false,
    "count": 0,
    "updated": 1546780269
  },
  {
    "id": "20311bd2-f7ed-4c7a-9411-275c63fc5f07",
    "data": [
      {
        "text": "Bitte nochmal",
        "userDefined": false
      }
    ],
    "isTemplate": false,
    "count": 0,
    "updated": 1546780269
  },
  {
    "id": "b2c5bd0f-178d-4942-8a3c-c4c0ec9707be",
    "data": [
      {
        "text": "Nochmal",
        "userDefined": false
      }
    ],
    "isTemplate": false,
    "count": 0,
    "updated": 1546780269
  },
  {
    "id": "17da34d6-0717-436b-b1fb-394b9e79c1e2",
    "data": [
      {
        "text": "Nochmal bitte",
        "userDefined": false
      }
    ],
    "isTemplate": false,
    "count": 0,
    "updated": 1546780269
  },
  {
    "id": "ba020dc0-72e2-40ed-9446-6cc55fc97630",
    "data": [
      {
        "text": "Kannst du die Frage bitte wiederholen?",
        "userDefined": false
      }
    ],
    "isTemplate": false,
    "count": 0,
    "updated": 1546780269
  }
]