[
  {
    "id": "06388f94-f52f-41aa-b6cf-b35a50f4bac9",
    "data": [
      {
        "text": "Weiß ich nicht",
        "userDefined": false
      }
    ],
    "isTemplate": false,
    "count": 0,
    "updated": 1549436603
  },
  {
    "id": "e37bec88-d2a3-4fe8-a2cf-7b145bb6f7ea",
    "data": [
      {
        "text": "Bitte weiter",
        "userDefined": false
      }
    ],
    "isTemplate": false,
    "count": 0,
    "updated": 1549436603
  },
  {
    "id": "78d874c4-cb9c-45c9-a618-5c331f605eea",
    "data": [
      {
        "text": "Bitte weitermachen",
        "userDefined": false
      }
    ],
    "isTemplate": false,
    "count": 0,
    "updated": 1549436603
  },
  {
    "id": "97bdb4e5-26f5-405a-922c-ed5dccd91fde",
    "data": [
      {
        "text": "Kein Plan",
        "userDefined": false
      }
    ],
    "isTemplate": false,
    "count": 0,
    "updated": 1546789624
  },
  {
    "id": "89c9e315-19f1-48f5-8844-7dcbbfde6e58",
    "data": [
      {
        "text": "Sorry, keine Ahnung",
        "userDefined": false
      }
    ],
    "isTemplate": false,
    "count": 0,
    "updated": 1546789624
  },
  {
    "id": "20919a7a-5c49-4903-9a5f-5272d4001a19",
    "data": [
      {
        "text": "Oh, das weiß ich nicht",
        "userDefined": false
      }
    ],
    "isTemplate": false,
    "count": 0,
    "updated": 1546789624
  },
  {
    "id": "10bbb3a9-0d5f-4f13-ab88-747c2cee88bb",
    "data": [
      {
        "text": "Das weiß ich leider nicht",
        "userDefined": false
      }
    ],
    "isTemplate": false,
    "count": 0,
    "updated": 1546789624
  },
  {
    "id": "c83e68e7-3200-4881-b32d-2e52f8ba1dae",
    "data": [
      {
        "text": "Keine Ahnung",
        "userDefined": false
      }
    ],
    "isTemplate": false,
    "count": 0,
    "updated": 1546789624
  }
]